Date,Exercise,Category,Weight,Weight Unit,Reps,Distance,Distance Unit,Time
2024-09-07,Elliptical Trainer,Cardio,,,,0.0,m,0:20:00
2024-09-07,Rowing Machine,Cardio,,,,0.0,m,0:15:00
2024-09-07,Flat Barbell Bench Press,Chest,10.0,kgs,20,,,
2024-09-07,Flat Barbell Bench Press,Chest,30.0,kgs,8,,,
2024-09-07,Flat Barbell Bench Press,Chest,30.0,kgs,8,,,
2024-09-07,Incline Dumbbell Bench Press,Chest,20.0,kgs,12,,,
2024-09-07,Incline Dumbbell Bench Press,Chest,24.0,kgs,10,,,
2024-09-07,Incline Dumbbell Bench Press,Chest,24.0,kgs,10,,,
2024-09-07,Seated Leg Curl Machine,Legs,40.0,kgs,12,,,
2024-09-07,Seated Leg Curl Machine,Legs,40.0,kgs,12,,,
2024-09-07,Seated Leg Curl Machine,Legs,40.0,kgs,12,,,
2024-09-07,Leg Extension Machine,Legs,40.0,kgs,12,,,
2024-09-07,Leg Extension Machine,Legs,40.0,kgs,10,,,
2024-09-07,Leg Extension Machine,Legs,40.0,kgs,8,,,
2024-09-07,Lat Pulldown Machine,Back,40.0,kgs,12,,,
2024-09-07,Lat Pulldown Machine,Back,40.0,kgs,12,,,
2024-09-07,Lat Pulldown Machine,Back,40.0,kgs,12,,,
2024-09-09,Elliptical Trainer,Cardio,,,,0.0,m,0:25:00
2024-09-09,Rowing Machine,Cardio,,,,0.0,m,0:15:00
2024-09-09,Lat Pulldown Machine,Back,40.0,kgs,12,,,
2024-09-09,Lat Pulldown Machine,Back,45.0,kgs,12,,,
2024-09-09,Lat Pulldown Machine,Back,47.5,kgs,12,,,
2024-09-09,Incline Dumbbell Bench Press,Chest,24.0,kgs,12,,,
2024-09-09,Incline Dumbbell Bench Press,Chest,24.0,kgs,12,,,
2024-09-09,Incline Dumbbell Bench Press,Chest,24.0,kgs,12,,,
2024-09-10,Deadhang,Back,,,,,,0:00:35
2024-09-10,Plank,Abs,0.0,kgs,,,,0:00:49
2024-09-11,Elliptical Trainer,Cardio,,,,0.0,m,0:15:00
2024-09-11,Stair Machine,Cardio,,,,,,0:05:00
2024-09-11,Seated Leg Curl Machine,Legs,40.0,kgs,12,,,
2024-09-11,Seated Leg Curl Machine,Legs,45.0,kgs,12,,,
2024-09-11,Seated Leg Curl Machine,Legs,45.0,kgs,12,,,
2024-09-11,Leg Extension Machine,Legs,40.0,kgs,12,,,
2024-09-11,Leg Extension Machine,Legs,40.0,kgs,8,,,
2024-09-11,Leg Extension Machine,Legs,40.0,kgs,12,,,
2024-09-12,Deadhang,Back,,,,,,0:00:50
2024-09-12,Elliptical Trainer,Cardio,,,,0.0,m,0:15:00
2024-09-12,Lat Pulldown Machine,Back,42.5,kgs,12,,,
2024-09-12,Lat Pulldown Machine,Back,47.5,kgs,12,,,
2024-09-12,Lat Pulldown Machine,Back,50.0,kgs,12,,,
2024-09-12,Incline Barbell Bench Press,Chest,20.0,kgs,12,,,
2024-09-12,Incline Barbell Bench Press,Chest,24.0,kgs,12,,,
2024-09-12,Incline Barbell Bench Press,Chest,28.0,kgs,12,,,
2024-09-12,Rope Push Down,Triceps,10.0,kgs,12,,,
2024-09-12,Rope Push Down,Triceps,10.0,kgs,12,,,
2024-09-12,Rope Push Down,Triceps,10.0,kgs,12,,,
2024-09-12,Plank,Abs,0.0,kgs,,,,0:01:14
2024-09-14,Elliptical Trainer,Cardio,,,,0.0,m,0:30:00
2024-09-14,Rowing Machine,Cardio,,,,2400.0,m,0:15:00
2024-09-14,Seated Leg Curl Machine,Legs,40.0,kgs,12,,,
2024-09-14,Seated Leg Curl Machine,Legs,40.0,kgs,12,,,
2024-09-14,Seated Leg Curl Machine,Legs,45.0,kgs,12,,,
2024-09-14,Leg Extension Machine,Legs,40.0,kgs,12,,,
2024-09-14,Leg Extension Machine,Legs,40.0,kgs,12,,,
2024-09-14,Leg Extension Machine,Legs,45.0,kgs,12,,,
2024-09-14,Flat Barbell Bench Press,Chest,10.0,kgs,20,,,
2024-09-14,Flat Barbell Bench Press,Chest,30.0,kgs,10,,,
2024-09-14,Flat Barbell Bench Press,Chest,30.0,kgs,7,,,
2024-09-14,Flat Barbell Bench Press,Chest,30.0,kgs,6,,,
2024-09-14,Incline Dumbbell Bench Press,Chest,24.0,kgs,12,,,
2024-09-14,Incline Dumbbell Bench Press,Chest,24.0,kgs,12,,,
2024-09-14,Incline Dumbbell Bench Press,Chest,24.0,kgs,7,,,
2024-09-14,Deadhang,Back,,,,,,0:00:30
2024-09-15,Deadhang,Back,,,,,,0:00:55
2024-09-16,Elliptical Trainer,Cardio,,,,0.0,m,0:26:00
2024-09-16,Rope Push Down,Triceps,10.0,kgs,13,,,
2024-09-16,Rope Push Down,Triceps,12.5,kgs,12,,,
2024-09-16,Rope Push Down,Triceps,12.5,kgs,12,,,
2024-09-16,Barbell Curl,Biceps,15.0,kgs,12,,,
2024-09-16,Barbell Curl,Biceps,15.0,kgs,12,,,
2024-09-16,Barbell Curl,Biceps,15.0,kgs,8,,,
2024-09-16,Chest Press Machine,Chest,40.0,kgs,12,,,
2024-09-16,Chest Press Machine,Chest,40.0,kgs,12,,,
2024-09-16,Chest Press Machine,Chest,40.0,kgs,10,,,
2024-09-16,Lat Pulldown Machine,Back,40.0,kgs,12,,,
2024-09-16,Lat Pulldown Machine,Back,42.5,kgs,12,,,
2024-09-16,Lat Pulldown Machine,Back,45.0,kgs,13,,,
2024-09-18,Elliptical Trainer,Cardio,,,,0.0,m,0:15:00
2024-09-18,Stair Machine,Cardio,,,,,,0:08:00
2024-09-18,Rowing Machine,Cardio,,,,2500.0,m,0:15:00
2024-09-18,Seated Leg Curl Machine,Legs,40.0,kgs,12,,,
2024-09-18,Seated Leg Curl Machine,Legs,40.0,kgs,12,,,
2024-09-18,Seated Leg Curl Machine,Legs,40.0,kgs,12,,,
2024-09-18,Leg Extension Machine,Legs,40.0,kgs,12,,,
2024-09-18,Leg Extension Machine,Legs,40.0,kgs,9,,,
2024-09-18,Leg Extension Machine,Legs,40.0,kgs,13,,,
2024-09-18,Incline Dumbbell Bench Press,Chest,24.0,kgs,12,,,
2024-09-18,Incline Dumbbell Bench Press,Chest,24.0,kgs,12,,,
2024-09-18,Incline Dumbbell Bench Press,Chest,24.0,kgs,12,,,
2024-09-20,Elliptical Trainer,Cardio,,,,0.0,m,0:25:00
2024-09-20,Rowing Machine,Cardio,,,,1600.0,m,0:10:00
2024-09-20,Barbell Curl,Biceps,10.0,kgs,12,,,
2024-09-20,Barbell Curl,Biceps,15.0,kgs,12,,,
2024-09-20,Barbell Curl,Biceps,10.0,kgs,10,,,
2024-09-20,Rope Push Down,Triceps,10.0,kgs,12,,,
2024-09-20,Rope Push Down,Triceps,12.5,kgs,12,,,
2024-09-20,Rope Push Down,Triceps,15.0,kgs,12,,,
2024-09-20,Lat Pulldown Machine,Back,42.5,kgs,12,,,
2024-09-20,Lat Pulldown Machine,Back,47.5,kgs,12,,,
2024-09-20,Lat Pulldown Machine,Back,50.0,kgs,12,,,
2024-09-21,Elliptical Trainer,Cardio,,,,0.0,m,0:20:00
2024-09-21,Chest Press Machine,Chest,40.0,kgs,12,,,
2024-09-21,Chest Press Machine,Chest,45.0,kgs,12,,,
2024-09-21,Chest Press Machine,Chest,45.0,kgs,12,,,
2024-09-21,Lat Pulldown Close Grip,Back,35.0,kgs,12,,,
2024-09-21,Lat Pulldown Close Grip,Back,40.0,kgs,12,,,
2024-09-21,Lat Pulldown Close Grip,Back,40.0,kgs,12,,,
2024-09-21,Incline Dumbbell Bench Press,Chest,20.0,kgs,12,,,
2024-09-21,Incline Dumbbell Bench Press,Chest,24.0,kgs,12,,,
2024-09-21,Incline Dumbbell Bench Press,Chest,28.0,kgs,8,,,
2024-09-21,Rope Push Down,Triceps,12.5,kgs,12,,,
2024-09-21,Rope Push Down,Triceps,12.5,kgs,12,,,
2024-09-21,Rope Push Down,Triceps,12.5,kgs,15,,,
2024-09-21,Lat Pulldown Machine,Back,45.0,kgs,12,,,
2024-09-21,Lat Pulldown Machine,Back,50.0,kgs,12,,,
2024-09-21,Lat Pulldown Machine,Back,50.0,kgs,12,,,
2024-09-21,Stair Machine,Cardio,,,,,,0:10:00
2024-09-21,Deadhang,Back,,,,,,0:00:35
2024-09-23,Elliptical Trainer,Cardio,,,,0.0,m,0:25:00
2024-09-23,Rowing Machine,Cardio,,,,2628.0,m,0:15:00
2024-09-23,Side Cable One Arm Raise,Shoulders,5.0,kgs,16,,,
2024-09-23,Side Cable One Arm Raise,Shoulders,5.0,kgs,16,,,
2024-09-23,Side Cable One Arm Raise,Shoulders,5.0,kgs,16,,,
2024-09-23,Leg Extension Machine,Legs,40.0,kgs,12,,,
2024-09-23,Leg Extension Machine,Legs,40.0,kgs,12,,,
2024-09-23,Leg Extension Machine,Legs,40.0,kgs,12,,,
2024-09-23,Seated Leg Curl Machine,Legs,40.0,kgs,12,,,
2024-09-23,Seated Leg Curl Machine,Legs,45.0,kgs,12,,,
2024-09-23,Seated Leg Curl Machine,Legs,50.0,kgs,10,,,
2024-09-23,Deadhang,Back,,,,,,0:00:30
2024-09-25,Elliptical Trainer,Cardio,,,,0.0,m,0:25:00
2024-09-25,Incline Barbell Bench Press,Chest,20.0,kgs,12,,,
2024-09-25,Incline Barbell Bench Press,Chest,32.0,kgs,12,,,
2024-09-25,Incline Barbell Bench Press,Chest,32.0,kgs,12,,,
2024-09-25,Arnold Dumbbell Press,Shoulders,12.0,kgs,10,,,
2024-09-25,Arnold Dumbbell Press,Shoulders,12.0,kgs,8,,,
2024-09-25,Arnold Dumbbell Press,Shoulders,12.0,kgs,12,,,
2024-09-25,Rope Push Down,Triceps,12.5,kgs,12,,,
2024-09-25,Rope Push Down,Triceps,12.5,kgs,12,,,
2024-09-25,Rope Push Down,Triceps,15.0,kgs,12,,,
2024-09-25,Barbell Curl,Biceps,10.0,kgs,12,,,
2024-09-25,Barbell Curl,Biceps,20.0,kgs,10,,,
2024-09-25,Barbell Curl,Biceps,15.0,kgs,10,,,
2024-09-25,Rowing Machine,Cardio,,,,1875.0,m,0:10:00
2024-09-27,Plank,Abs,0.0,kgs,,,,0:01:00
2024-09-27,Elliptical Trainer,Cardio,,,,0.0,m,0:20:00
2024-09-27,Seated Leg Curl Machine,Legs,40.0,kgs,12,,,
2024-09-27,Seated Leg Curl Machine,Legs,45.0,kgs,12,,,
2024-09-27,Seated Leg Curl Machine,Legs,45.0,kgs,10,,,
2024-09-27,Leg Extension Machine,Legs,40.0,kgs,12,,,
2024-09-27,Leg Extension Machine,Legs,45.0,kgs,12,,,
2024-09-27,Leg Extension Machine,Legs,45.0,kgs,8,,,
2024-09-27,Barbell Curl,Biceps,10.0,kgs,12,,,
2024-09-27,Barbell Curl,Biceps,20.0,kgs,10,,,
2024-09-27,Barbell Curl,Biceps,20.0,kgs,7,,,
2024-09-27,Lat Pulldown Machine,Back,45.0,kgs,12,,,
2024-09-27,Lat Pulldown Machine,Back,50.0,kgs,12,,,
2024-09-27,Lat Pulldown Machine,Back,55.0,kgs,9,,,
2024-09-27,Stair Machine,Cardio,,,,,,0:05:00
2024-09-27,Deadhang,Back,,,,,,0:00:40
2024-09-30,Deadhang,Back,,,,,,0:00:30
2024-09-30,Elliptical Trainer,Cardio,,,,0.0,m,0:30:00
2024-10-01,Overhead Press,Shoulders,16.0,kgs,20,,,
2024-10-01,Arnold Dumbbell Press,Shoulders,10.0,kgs,12,,,
2024-10-01,Arnold Dumbbell Press,Shoulders,10.0,kgs,12,,,
2024-10-01,Deadhang,Back,,,,,,0:00:40
2024-10-02,Deadhang,Back,,,,,,0:00:30
2024-10-02,Deadhang,Back,,,,,,0:00:30
2024-10-06,Deadhang,Back,,,,,,0:00:45
2024-10-06,Elliptical Trainer,Cardio,,,,0.0,m,0:31:00
2024-10-06,Lat Pulldown Machine,Back,45.0,kgs,12,,,
2024-10-06,Lat Pulldown Machine,Back,50.0,kgs,12,,,
2024-10-06,Lat Pulldown Machine,Back,55.0,kgs,12,,,
2024-10-06,Lat Pulldown Close Grip,Back,40.0,kgs,12,,,
2024-10-06,Lat Pulldown Close Grip,Back,40.0,kgs,10,,,
2024-10-06,Lat Pulldown Close Grip,Back,35.0,kgs,10,,,
2024-10-06,Incline Barbell Bench Press,Chest,24.0,kgs,12,,,
2024-10-06,Incline Barbell Bench Press,Chest,24.0,kgs,12,,,
2024-10-06,Incline Barbell Bench Press,Chest,32.0,kgs,12,,,
2024-10-06,Arnold Dumbbell Press,Shoulders,12.0,kgs,12,,,
2024-10-06,Arnold Dumbbell Press,Shoulders,12.0,kgs,12,,,
2024-10-06,Arnold Dumbbell Press,Shoulders,12.0,kgs,10,,,
2024-10-06,Rope Push Down,Triceps,15.0,kgs,12,,,
2024-10-06,Rope Push Down,Triceps,15.0,kgs,12,,,
2024-10-06,Rope Push Down,Triceps,15.0,kgs,12,,,
2024-10-06,Barbell Curl,Biceps,15.0,kgs,12,,,
2024-10-06,Barbell Curl,Biceps,20.0,kgs,10,,,
2024-10-06,Barbell Curl,Biceps,15.0,kgs,5,,,
2024-10-06,Rowing Machine,Cardio,,,,700.0,m,0:05:00
2024-10-08,Deadhang,Back,,,,,,0:00:30
2024-10-08,Walking,Cardio,,,,7.21,km,1:29:00
2024-10-09,Elliptical Trainer,Cardio,,,,0.8,km,0:15:00
2024-10-09,Rowing Machine,Cardio,,,,1950.0,m,0:10:00
2024-10-09,Seated Leg Curl Machine,Legs,40.0,kgs,12,,,
2024-10-09,Seated Leg Curl Machine,Legs,45.0,kgs,12,,,
2024-10-09,Seated Leg Curl Machine,Legs,45.0,kgs,12,,,
2024-10-09,Leg Extension Machine,Legs,45.0,kgs,12,,,
2024-10-09,Leg Extension Machine,Legs,45.0,kgs,10,,,
2024-10-09,Leg Extension Machine,Legs,45.0,kgs,10,,,
2024-10-09,Leg Press,Legs,52.0,kgs,15,,,
2024-10-09,Leg Press,Legs,66.0,kgs,12,,,
2024-10-09,Leg Press,Legs,73.0,kgs,12,,,
2024-10-10,Stair Machine,Cardio,,,,,,0:10:00
2024-10-10,Elliptical Trainer,Cardio,,,,0.5,km,0:10:00
2024-10-10,Lat Pulldown Machine,Back,45.0,kgs,12,,,
2024-10-10,Lat Pulldown Machine,Back,50.0,kgs,12,,,
2024-10-10,Lat Pulldown Machine,Back,55.0,kgs,12,,,
2024-10-10,Incline Dumbbell Bench Press,Chest,24.0,kgs,12,,,
2024-10-10,Incline Dumbbell Bench Press,Chest,32.0,kgs,12,,,
2024-10-10,Incline Dumbbell Bench Press,Chest,36.0,kgs,7,,,
2024-10-10,Arnold Dumbbell Press,Shoulders,12.0,kgs,12,,,
2024-10-10,Arnold Dumbbell Press,Shoulders,12.0,kgs,12,,,
2024-10-10,Arnold Dumbbell Press,Shoulders,16.0,kgs,7,,,
2024-10-10,Deadhang,Back,,,,,,0:00:50
2024-10-12,Deadhang,Back,,,,,,0:00:35
2024-10-12,Elliptical Trainer,Cardio,,,,1.3,km,0:25:00
2024-10-12,Rope Push Down,Triceps,15.0,kgs,12,,,
2024-10-12,Rope Push Down,Triceps,17.5,kgs,12,,,
2024-10-12,Rope Push Down,Triceps,17.5,kgs,12,,,
2024-10-12,Barbell Curl,Biceps,15.0,kgs,12,,,
2024-10-12,Barbell Curl,Biceps,20.0,kgs,10,,,
2024-10-12,Barbell Curl,Biceps,20.0,kgs,8,,,
2024-10-12,Lat Pulldown Close Grip,Back,40.0,kgs,12,,,
2024-10-12,Lat Pulldown Close Grip,Back,40.0,kgs,12,,,
2024-10-12,Lat Pulldown Close Grip,Back,40.0,kgs,12,,,
2024-10-12,Incline Dumbbell Bench Press,Chest,28.0,kgs,12,,,
2024-10-12,Incline Dumbbell Bench Press,Chest,36.0,kgs,12,,,
2024-10-12,Incline Dumbbell Bench Press,Chest,36.0,kgs,10,,,
2024-10-12,Lateral Machine Raise,Shoulders,5.0,kgs,7,,,
2024-10-12,Lateral Machine Raise,Shoulders,5.0,kgs,7,,,
2024-10-12,Lateral Machine Raise,Shoulders,5.0,kgs,5,,,
2024-10-12,Lateral Machine Raise,Shoulders,5.0,kgs,5,,,
2024-10-12,Lateral Machine Raise,Shoulders,3.75,kgs,7,,,
2024-10-12,Lateral Machine Raise,Shoulders,3.75,kgs,7,,,
2024-10-12,Seated Leg Curl Machine,Legs,40.0,kgs,12,,,
2024-10-12,Seated Leg Curl Machine,Legs,40.0,kgs,12,,,
2024-10-12,Leg Extension Machine,Legs,40.0,kgs,12,,,
2024-10-12,Leg Extension Machine,Legs,45.0,kgs,12,,,
2024-10-12,Pectoral,Chest,35.0,kgs,12,,,
2024-10-12,Pectoral,Chest,37.5,kgs,10,,,
2024-10-12,Pectoral,Chest,35.0,kgs,8,,,
2024-10-12,Deadhang,Back,,,,,,0:00:30
2024-10-12,Stair Machine,Cardio,,,,,,0:10:00
2024-10-13,Deadhang,Back,,,,,,0:00:45
2024-10-15,Elliptical Trainer,Cardio,,,,0.8,km,0:15:00
2024-10-15,Rowing Machine,Cardio,,,,1981.0,m,0:10:00
2024-10-15,Lat Pulldown Machine,Back,40.0,kgs,12,,,
2024-10-15,Lat Pulldown Machine,Back,50.0,kgs,12,,,
2024-10-15,Lat Pulldown Machine,Back,60.0,kgs,12,,,
2024-10-15,Barbell Curl,Biceps,15.0,kgs,12,,,
2024-10-15,Barbell Curl,Biceps,20.0,kgs,12,,,
2024-10-15,Rope Push Down,Triceps,12.5,kgs,12,,,
2024-10-15,Rope Push Down,Triceps,15.0,kgs,12,,,
2024-10-15,Rope Push Down,Triceps,15.0,kgs,12,,,
2024-10-15,Barbell Curl,Biceps,20.0,kgs,8,,,
2024-10-16,Deadhang,Back,,,,,,0:00:30
2024-10-18,Elliptical Trainer,Cardio,,,,1.1,km,0:20:00
2024-10-18,Barbell Curl,Biceps,15.0,kgs,12,,,
2024-10-18,Barbell Curl,Biceps,15.0,kgs,12,,,
2024-10-18,Barbell Curl,Biceps,20.0,kgs,10,,,
2024-10-18,Rope Push Down,Triceps,12.5,kgs,15,,,
2024-10-18,Rope Push Down,Triceps,17.5,kgs,10,,,
2024-10-18,Rope Push Down,Triceps,20.0,kgs,10,,,
2024-10-18,Incline Dumbbell Bench Press,Chest,28.0,kgs,12,,,
2024-10-18,Incline Dumbbell Bench Press,Chest,32.0,kgs,12,,,
2024-10-18,Incline Dumbbell Bench Press,Chest,32.0,kgs,7,,,
2024-10-18,Chest Press Machine,Chest,40.0,kgs,12,,,
2024-10-18,Chest Press Machine,Chest,40.0,kgs,10,,,
2024-10-18,Chest Press Machine,Chest,40.0,kgs,6,,,
2024-10-18,Lat Pulldown,Back,35.0,kgs,15,,,
2024-10-18,Lat Pulldown,Back,45.0,kgs,12,,,
2024-10-18,Lat Pulldown Close Grip,Back,35.0,kgs,12,,,
2024-10-18,Lat Pulldown Close Grip,Back,40.0,kgs,10,,,
2024-10-19,Deadhang,Back,,,,,,0:00:30
2024-10-20,Elliptical Trainer,Cardio,,,,1.6,km,0:30:00
2024-10-20,Parallel Bar Triceps Dip,Triceps,10.0,kgs,20,,,
2024-10-20,Parallel Bar Triceps Dip,Triceps,20.0,kgs,10,,,
2024-10-20,Parallel Bar Triceps Dip,Triceps,25.0,kgs,10,,,
2024-10-20,Barbell Curl,Biceps,15.0,kgs,12,,,
2024-10-20,Barbell Curl,Biceps,20.0,kgs,10,,,
2024-10-20,Barbell Curl,Biceps,20.0,kgs,10,,,
2024-10-20,Rope Push Down,Triceps,15.0,kgs,15,,,
2024-10-20,Rope Push Down,Triceps,20.0,kgs,10,,,
2024-10-20,Rope Push Down,Triceps,20.0,kgs,7,,,
2024-10-20,Seated Leg Curl Machine,Legs,40.0,kgs,12,,,
2024-10-20,Seated Leg Curl Machine,Legs,45.0,kgs,12,,,
2024-10-20,Leg Press,Legs,59.0,kgs,12,,,
2024-10-20,Leg Press,Legs,66.0,kgs,12,,,
2024-10-20,Leg Press,Legs,68.3,kgs,12,,,
2024-10-20,Leg Extension Machine,Legs,40.0,kgs,10,,,
2024-10-20,Leg Extension Machine,Legs,40.0,kgs,10,,,
2024-10-20,Leg Extension Machine,Legs,40.0,kgs,12,,,
2024-10-20,Incline Dumbbell Bench Press,Chest,24.0,kgs,20,,,
2024-10-20,Incline Dumbbell Bench Press,Chest,32.0,kgs,10,,,
2024-10-20,Incline Dumbbell Bench Press,Chest,40.0,kgs,8,,,
2024-10-20,Arnold Dumbbell Press,Shoulders,12.0,kgs,12,,,
2024-10-20,Arnold Dumbbell Press,Shoulders,12.0,kgs,7,,,
2024-10-20,Arnold Dumbbell Press,Shoulders,12.0,kgs,7,,,
2024-10-20,Deadhang,Back,,,,,,0:00:30
2024-10-21,Deadhang,Back,,,,,,0:00:30
2024-10-23,Elliptical Trainer,Cardio,,,,0.8,km,0:15:00
2024-10-23,Rowing Machine,Cardio,,,,1457.0,m,0:07:00
2024-10-23,Lat Pulldown,Back,40.0,kgs,12,,,
2024-10-23,Lat Pulldown,Back,50.0,kgs,11,,,
2024-10-23,Lat Pulldown,Back,45.0,kgs,10,,,
2024-10-23,Seated Leg Curl Machine,Legs,40.0,kgs,12,,,
2024-10-23,Seated Leg Curl Machine,Legs,40.0,kgs,12,,,
2024-10-23,Seated Leg Curl Machine,Legs,40.0,kgs,12,,,
2024-10-23,Leg Extension Machine,Legs,40.0,kgs,12,,,
2024-10-23,Leg Extension Machine,Legs,40.0,kgs,12,,,
2024-10-23,Leg Extension Machine,Legs,40.0,kgs,12,,,
2024-10-25,Elliptical Trainer,Cardio,,,,1.3,km,0:25:00
2024-10-25,Incline Dumbbell Bench Press,Chest,28.0,kgs,15,,,
2024-10-25,Incline Dumbbell Bench Press,Chest,36.0,kgs,12,,,
2024-10-25,Incline Dumbbell Bench Press,Chest,36.0,kgs,8,,,
2024-10-25,Barbell Curl,Biceps,15.0,kgs,12,,,
2024-10-25,Barbell Curl,Biceps,15.0,kgs,12,,,
2024-10-25,Barbell Curl,Biceps,15.0,kgs,12,,,
2024-10-25,Rope Push Down,Triceps,15.0,kgs,12,,,
2024-10-25,Rope Push Down,Triceps,20.0,kgs,10,,,
2024-10-25,Rope Push Down,Triceps,20.0,kgs,12,,,
2024-10-25,Arnold Dumbbell Press,Shoulders,12.0,kgs,12,,,
2024-10-25,Arnold Dumbbell Press,Shoulders,12.0,kgs,12,,,
2024-10-25,Arnold Dumbbell Press,Shoulders,12.0,kgs,9,,,
2024-10-25,Pectoral,Chest,32.5,kgs,12,,,
2024-10-25,Pectoral,Chest,35.0,kgs,12,,,
2024-10-25,Pectoral,Chest,35.0,kgs,6,,,
2024-10-26,Deadhang,Back,,,,,,0:00:40
2024-10-27,Pushup Bodyweight,Chest,70.0,kgs,12,,,
2024-10-27,Deadhang,Back,,,,,,0:00:20
2024-10-27,Deadhang,Back,,,,,,0:00:30
2024-10-27,Pushup Bodyweight,Chest,70.0,kgs,12,,,
2024-10-27,Squat Bodyweight,Legs,80.0,kgs,12,,,
2024-10-27,Pushup Bodyweight,Chest,70.0,kgs,9,,,
2024-10-27,Squat Bodyweight,Legs,80.0,kgs,12,,,
2024-10-27,Squat Bodyweight,Legs,80.0,kgs,15,,,
2024-10-28,Elliptical Trainer,Cardio,,,,1.3,km,0:25:00
2024-10-28,Lat Pulldown Machine,Back,45.0,kgs,12,,,
2024-10-28,Lat Pulldown Machine,Back,47.5,kgs,12,,,
2024-10-28,Lat Pulldown Machine,Back,50.0,kgs,12,,,
2024-10-28,T-Bar Row,Back,20.0,kgs,12,,,
2024-10-28,T-Bar Row,Back,30.0,kgs,12,,,
2024-10-28,T-Bar Row,Back,40.0,kgs,12,,,
2024-10-28,Arnold Dumbbell Press,Shoulders,12.0,kgs,12,,,
2024-10-28,Arnold Dumbbell Press,Shoulders,12.0,kgs,12,,,
2024-10-28,Arnold Dumbbell Press,Shoulders,12.0,kgs,10,,,
2024-10-28,Deadhang,Back,,,,,,0:00:30
2024-10-29,Squat Bodyweight,Legs,80.0,kgs,12,,,
2024-11-03,Elliptical Trainer,Cardio,,,,1.61,km,0:30:00
2024-11-03,Arnold Dumbbell Press,Shoulders,12.0,kgs,12,,,
2024-11-03,Arnold Dumbbell Press,Shoulders,12.0,kgs,12,,,
2024-11-03,Arnold Dumbbell Press,Shoulders,12.0,kgs,12,,,
2024-11-03,Incline Dumbbell Bench Press,Chest,28.0,kgs,12,,,
2024-11-03,Incline Dumbbell Bench Press,Chest,28.0,kgs,12,,,
2024-11-03,Incline Dumbbell Bench Press,Chest,28.0,kgs,12,,,
2024-11-03,Rope Push Down,Triceps,12.5,kgs,12,,,
2024-11-03,Rope Push Down,Triceps,15.0,kgs,12,,,
2024-11-03,Rope Push Down,Triceps,15.0,kgs,12,,,
2024-11-03,Barbell Curl,Biceps,15.0,kgs,12,,,
2024-11-03,Barbell Curl,Biceps,15.0,kgs,12,,,
2024-11-03,Barbell Curl,Biceps,15.0,kgs,12,,,
2024-11-03,Lat Pulldown Machine,Back,40.0,kgs,15,,,
2024-11-03,Lat Pulldown Machine,Back,45.0,kgs,12,,,
2024-11-03,Lat Pulldown Machine,Back,50.0,kgs,12,,,
2024-11-03,Seated Leg Curl Machine,Legs,40.0,kgs,15,,,
2024-11-03,Seated Leg Curl Machine,Legs,45.0,kgs,12,,,
2024-11-03,Seated Leg Curl Machine,Legs,45.0,kgs,12,,,
2024-11-03,Crunch Machine,Abs,35.0,kgs,12,,,
2024-11-03,Crunch Machine,Abs,30.0,kgs,12,,,
2024-11-03,Crunch Machine,Abs,30.0,kgs,15,,,
2024-11-03,Leg Extension Machine,Legs,40.0,kgs,12,,,
2024-11-03,Leg Extension Machine,Legs,40.0,kgs,12,,,
2024-11-03,Leg Extension Machine,Legs,40.0,kgs,12,,,
2024-11-03,Stair Machine,Cardio,,,,,,0:11:00
2024-11-06,Elliptical Trainer,Cardio,,,,0.8,km,0:15:00
2024-11-06,Deadhang,Back,,,,,,0:00:30
2024-11-06,Lat Pulldown Machine,Back,45.0,kgs,12,,,
2024-11-06,Lat Pulldown Machine,Back,50.0,kgs,12,,,
2024-11-06,Lat Pulldown Machine,Back,57.5,kgs,12,,,
2024-11-06,Lat Pulldown Close Grip,Back,40.0,kgs,12,,,
2024-11-06,Lat Pulldown Close Grip,Back,45.0,kgs,12,,,
2024-11-06,Lat Pulldown Close Grip,Back,45.0,kgs,10,,,
2024-11-07,Deadhang,Back,,,,,,0:00:30
2024-11-07,Elliptical Trainer,Cardio,,,,1.1,km,0:21:00
2024-11-07,Barbell Curl,Biceps,15.0,kgs,12,,,
2024-11-07,Barbell Curl,Biceps,20.0,kgs,12,,,
2024-11-07,Barbell Curl,Biceps,20.0,kgs,12,,,
2024-11-07,Rope Push Down,Triceps,15.0,kgs,12,,,
2024-11-07,Rope Push Down,Triceps,20.0,kgs,12,,,
2024-11-07,Rope Push Down,Triceps,20.0,kgs,10,,,
2024-11-07,Incline Dumbbell Bench Press,Chest,28.0,kgs,12,,,
2024-11-07,Incline Dumbbell Bench Press,Chest,32.0,kgs,12,,,
2024-11-07,Incline Dumbbell Bench Press,Chest,32.0,kgs,12,,,
2024-11-08,Elliptical Trainer,Cardio,,,,0.8,km,0:15:00
2024-11-08,Leg Extension Machine,Legs,45.0,kgs,12,,,
2024-11-08,Leg Extension Machine,Legs,45.0,kgs,12,,,
2024-11-08,Leg Extension Machine,Legs,50.0,kgs,12,,,
2024-11-08,Leg Press,Legs,59.0,kgs,12,,,
2024-11-08,Leg Press,Legs,66.0,kgs,12,,,
2024-11-08,Leg Press,Legs,70.6,kgs,12,,,
2024-11-08,Seated Leg Curl Machine,Legs,45.0,kgs,12,,,
2024-11-08,Seated Leg Curl Machine,Legs,50.0,kgs,12,,,
2024-11-08,Seated Leg Curl Machine,Legs,50.0,kgs,12,,,
2024-11-08,Arnold Dumbbell Press,Shoulders,12.0,kgs,12,,,
2024-11-08,Arnold Dumbbell Press,Shoulders,16.0,kgs,10,,,
2024-11-08,Arnold Dumbbell Press,Shoulders,16.0,kgs,10,,,
2024-11-08,Incline Dumbbell Bench Press,Chest,28.0,kgs,12,,,
2024-11-08,Incline Dumbbell Bench Press,Chest,32.0,kgs,10,,,
2024-11-08,Incline Dumbbell Bench Press,Chest,32.0,kgs,10,,,
2024-11-08,Deadhang,Back,,,,,,0:00:30
2024-11-13,Elliptical Trainer,Cardio,,,,1.6,km,0:30:00
2024-11-13,Deadhang,Back,,,,,,0:00:30
2024-11-13,Seated Leg Curl Machine,Legs,45.0,kgs,12,,,
2024-11-13,Seated Leg Curl Machine,Legs,50.0,kgs,12,,,
2024-11-13,Seated Leg Curl Machine,Legs,50.0,kgs,12,,,
2024-11-13,Seated Leg Curl Machine,Legs,55.0,kgs,5,,,
2024-11-13,Leg Extension Machine,Legs,45.0,kgs,12,,,
2024-11-13,Leg Extension Machine,Legs,50.0,kgs,12,,,
2024-11-13,Leg Extension Machine,Legs,50.0,kgs,12,,,
2024-11-14,Walking,Cardio,,,,6.71,km,1:16:00
2024-11-16,Elliptical Trainer,Cardio,,,,1.6,km,0:30:00
2024-11-16,Lat Pulldown Machine,Back,47.5,kgs,12,,,
2024-11-16,Lat Pulldown Machine,Back,52.5,kgs,12,,,
2024-11-16,Lat Pulldown Machine,Back,60.0,kgs,12,,,
2024-11-16,Incline Dumbbell Bench Press,Chest,28.0,kgs,12,,,
2024-11-16,Incline Dumbbell Bench Press,Chest,28.0,kgs,12,,,
2024-11-16,Incline Dumbbell Bench Press,Chest,32.0,kgs,10,,,
2024-11-16,Lat Pulldown,Back,40.0,kgs,12,,,
2024-11-16,Lat Pulldown,Back,45.0,kgs,10,,,
2024-11-16,Lat Pulldown,Back,45.0,kgs,12,,,
2024-11-16,T-Bar Row,Back,30.0,kgs,12,,,
2024-11-16,T-Bar Row,Back,30.0,kgs,12,,,
2024-11-16,T-Bar Row,Back,40.0,kgs,12,,,
2024-11-16,Rope Push Down,Triceps,12.5,kgs,12,,,
2024-11-16,Rope Push Down,Triceps,15.0,kgs,12,,,
2024-11-16,Rope Push Down,Triceps,17.5,kgs,12,,,
2024-11-16,Barbell Curl,Biceps,10.0,kgs,12,,,
2024-11-16,Barbell Curl,Biceps,15.0,kgs,12,,,
2024-11-18,Elliptical Trainer,Cardio,,,,1.6,km,0:30:00
2024-11-18,Pectoral,Chest,40.0,kgs,12,,,
2024-11-18,Pectoral,Chest,40.0,kgs,12,,,
2024-11-18,Flat Barbell Bench Press,Chest,30.0,kgs,12,,,
2024-11-18,Flat Barbell Bench Press,Chest,40.0,kgs,10,,,
2024-11-18,Incline Dumbbell Bench Press,Chest,28.0,kgs,12,,,
2024-11-18,Incline Dumbbell Bench Press,Chest,32.0,kgs,8,,,
2024-11-18,Deadhang,Back,,,,,,0:00:45
2024-11-22,Elliptical Trainer,Cardio,,,,1.6,km,0:30:00
2024-11-22,Leg Extension Machine,Legs,45.0,kgs,12,,,
2024-11-22,Leg Extension Machine,Legs,45.0,kgs,12,,,
2024-11-22,Leg Extension Machine,Legs,45.0,kgs,12,,,
2024-11-22,Seated Leg Curl Machine,Legs,45.0,kgs,12,,,
2024-11-22,Seated Leg Curl Machine,Legs,45.0,kgs,12,,,
2024-11-22,Seated Leg Curl Machine,Legs,45.0,kgs,12,,,
2024-11-22,Leg Press,Legs,66.0,kgs,12,,,
2024-11-22,Leg Press,Legs,73.0,kgs,12,,,
2024-11-22,Leg Press,Legs,73.0,kgs,12,,,
2024-11-22,Pectoral,Chest,40.0,kgs,12,,,
2024-11-22,Pectoral,Chest,40.0,kgs,12,,,
2024-11-22,Pectoral,Chest,40.0,kgs,10,,,
2024-12-06,Elliptical Trainer,Cardio,,,,1.1,km,0:20:00
2024-12-06,Seated Leg Curl Machine,Legs,40.0,kgs,15,,,
2024-12-06,Seated Leg Curl Machine,Legs,45.0,kgs,15,,,
2024-12-06,Seated Leg Curl Machine,Legs,45.0,kgs,15,,,
2024-12-06,Leg Extension Machine,Legs,45.0,kgs,12,,,
2024-12-06,Leg Extension Machine,Legs,45.0,kgs,12,,,
2024-12-06,Leg Extension Machine,Legs,45.0,kgs,12,,,
2024-12-06,Lat Pulldown Machine,Back,45.0,kgs,12,,,
2024-12-06,Lat Pulldown Machine,Back,50.0,kgs,15,,,
2024-12-06,Lat Pulldown Machine,Back,50.0,kgs,12,,,
2024-12-08,Elliptical Trainer,Cardio,,,,1.1,km,0:20:00
2024-12-08,Pectoral,Chest,35.0,kgs,12,,,
2024-12-08,Pectoral,Chest,40.0,kgs,12,,,
2024-12-08,Pectoral,Chest,40.0,kgs,8,,,
2024-12-08,Seated Leg Curl Machine,Legs,40.0,kgs,15,,,
2024-12-08,Seated Leg Curl Machine,Legs,40.0,kgs,15,,,
2024-12-08,Seated Leg Curl Machine,Legs,40.0,kgs,15,,,
2024-12-08,Leg Extension Machine,Legs,40.0,kgs,15,,,
2024-12-08,Leg Extension Machine,Legs,45.0,kgs,12,,,
2024-12-08,Leg Extension Machine,Legs,45.0,kgs,12,,,
2024-12-08,Lat Pulldown Machine,Back,45.0,kgs,15,,,
2024-12-08,Lat Pulldown,Back,40.0,kgs,15,,,
2024-12-08,Stair Machine,Cardio,,,,,,0:11:00
2024-12-08,Goblet Curl,Biceps,8.0,kgs,30,,,
2024-12-08,Goblet Curl,Biceps,8.0,kgs,30,,,
2024-12-09,Deadhang,Back,,,,,,0:00:40
2024-12-10,Goblet Curl,Biceps,8.0,kgs,30,,,
2024-12-10,VR workout,Cardio,,,,,,0:30:00
2024-12-11,Deadhang,Back,,,,,,0:00:45
2024-12-12,Elliptical Trainer,Cardio,,,,1.3,km,0:25:00
2024-12-12,Seated Leg Curl Machine,Legs,45.0,kgs,15,,,
2024-12-12,Seated Leg Curl Machine,Legs,45.0,kgs,15,,,
2024-12-12,Seated Leg Curl Machine,Legs,45.0,kgs,15,,,
2024-12-12,Leg Extension Machine,Legs,45.0,kgs,12,,,
2024-12-12,Leg Extension Machine,Legs,45.0,kgs,12,,,
2024-12-12,Leg Extension Machine,Legs,45.0,kgs,12,,,
2024-12-12,Pectoral,Chest,40.0,kgs,12,,,
2024-12-12,Pectoral,Chest,45.0,kgs,12,,,
2024-12-12,Pectoral,Chest,45.0,kgs,3,,,
2024-12-21,Elliptical Trainer,Cardio,,,,0.8,km,0:15:00
2024-12-21,Seated Leg Curl Machine,Legs,40.0,kgs,12,,,
2024-12-21,Seated Leg Curl Machine,Legs,45.0,kgs,12,,,
2024-12-21,Seated Leg Curl Machine,Legs,45.0,kgs,12,,,
2024-12-21,Leg Extension Machine,Legs,45.0,kgs,12,,,
2024-12-21,Leg Extension Machine,Legs,50.0,kgs,12,,,
2024-12-21,Leg Extension Machine,Legs,50.0,kgs,12,,,
2024-12-21,Pectoral,Chest,40.0,kgs,12,,,
2024-12-21,Pectoral,Chest,40.0,kgs,12,,,
2024-12-21,Pectoral,Chest,45.0,kgs,6,,,
2024-12-21,Pectoral,Chest,45.0,kgs,6,,,
2024-12-21,Leg Press,Legs,66.0,kgs,12,,,
2024-12-21,Leg Press,Legs,66.0,kgs,12,,,
2024-12-21,Leg Press,Legs,73.0,kgs,12,,,
2024-12-21,Stair Machine,Cardio,,,,,,0:15:00
2024-12-21,Crunch Machine,Abs,30.0,kgs,15,,,
2024-12-21,Crunch Machine,Abs,30.0,kgs,15,,,
2024-12-21,Crunch Machine,Abs,30.0,kgs,15,,,
2024-12-29,Stair Machine,Cardio,,,,,,0:15:00
2024-12-29,Pectoral,Chest,40.0,kgs,12,,,
2024-12-29,Pectoral,Chest,40.0,kgs,12,,,
2024-12-29,Pectoral,Chest,40.0,kgs,9,,,
2024-12-29,Seated Leg Curl Machine,Legs,40.0,kgs,12,,,
2024-12-29,Seated Leg Curl Machine,Legs,45.0,kgs,12,,,
2024-12-29,Seated Leg Curl Machine,Legs,50.0,kgs,12,,,
2024-12-29,Leg Extension Machine,Legs,40.0,kgs,12,,,
2024-12-29,Leg Extension Machine,Legs,45.0,kgs,12,,,
2024-12-29,Leg Extension Machine,Legs,50.0,kgs,12,,,
2024-12-29,Leg Press,Legs,73.0,kgs,12,,,
2024-12-29,Leg Press,Legs,73.0,kgs,13,,,
2024-12-29,Leg Press,Legs,73.0,kgs,12,,,
2024-12-29,Elliptical Trainer,Cardio,,,,0.9,km,0:15:00
2025-01-06,VR workout,Cardio,,,,,,0:37:06
2025-01-06,VR workout,Cardio,,,,,,0:16:35
2025-01-09,Elliptical Trainer,Cardio,,,,1.05,km,0:20:00
2025-01-09,Pectoral,Chest,40.0,kgs,12,,,
2025-01-09,Pectoral,Chest,50.0,kgs,6,,,
2025-01-09,Pectoral,Chest,40.0,kgs,7,,,
2025-01-09,Pectoral,Chest,60.0,kgs,1,,,
2025-01-09,Pectoral,Chest,45.0,kgs,4,,,
2025-01-09,Seated Leg Curl Machine,Legs,40.0,kgs,12,,,
2025-01-09,Seated Leg Curl Machine,Legs,45.0,kgs,12,,,
2025-01-09,Seated Leg Curl Machine,Legs,45.0,kgs,12,,,
2025-01-09,Leg Extension Machine,Legs,40.0,kgs,12,,,
2025-01-09,Leg Extension Machine,Legs,40.0,kgs,12,,,
2025-01-10,Swimming,Cardio,,,,750.0,m,0:24:00
2025-01-12,Walking,Cardio,,,,6.0,km,1:00:00
2025-01-12,Deadhang,Back,,,,,,0:00:20
2025-01-13,Elliptical Trainer,Cardio,,,,1.3,km,0:25:00
2025-01-13,Pectoral,Chest,40.0,kgs,12,,,
2025-01-13,Pectoral,Chest,40.0,kgs,12,,,
2025-01-13,Pectoral,Chest,45.0,kgs,12,,,
2025-01-13,Lat Pulldown,Back,35.0,kgs,20,,,
2025-01-13,Lat Pulldown,Back,35.0,kgs,20,,,
2025-01-13,Lat Pulldown,Back,40.0,kgs,8,,,
2025-01-13,VR workout,Cardio,,,,,,0:16:40
2025-01-15,VR workout,Cardio,,,,,,0:15:25
2025-01-17,Swimming,Cardio,,,,1150.0,m,0:35:00
2025-01-17,VR workout,Cardio,,,,,,0:18:59
2025-01-18,Elliptical Trainer,Cardio,,,,1.0,km,0:20:00
2025-01-18,Pectoral,Chest,40.0,kgs,12,,,
2025-01-18,Pectoral,Chest,40.0,kgs,12,,,
2025-01-18,Pectoral,Chest,40.0,kgs,11,,,
2025-01-18,Seated Leg Curl Machine,Legs,40.0,kgs,12,,,
2025-01-18,Seated Leg Curl Machine,Legs,45.0,kgs,12,,,
2025-01-18,Seated Leg Curl Machine,Legs,45.0,kgs,12,,,
2025-01-18,Leg Extension Machine,Legs,40.0,kgs,12,,,
2025-01-18,Leg Extension Machine,Legs,45.0,kgs,12,,,
2025-01-18,Leg Extension Machine,Legs,50.0,kgs,12,,,
2025-01-18,Goblet Squat,Legs,8.0,kgs,10,,,
2025-01-18,Hanging Knee Raise,Abs,0.0,kgs,20,,,
2025-01-20,VR workout,Cardio,,,,,,0:28:41
2025-01-22,Elliptical Trainer,Cardio,,,,0.0,km,0:22:00
2025-01-22,Crunch Machine,Abs,30.0,kgs,15,,,
2025-01-22,Crunch Machine,Abs,30.0,kgs,15,,,
2025-01-22,Crunch Machine,Abs,30.0,kgs,15,,,
2025-01-22,Pectoral,Chest,40.0,kgs,12,,,
2025-01-22,Pectoral,Chest,45.0,kgs,12,,,
2025-01-22,Pectoral,Chest,47.5,kgs,6,,,
2025-01-22,Seated Leg Curl Machine,Legs,40.0,kgs,20,,,
2025-01-22,Seated Leg Curl Machine,Legs,45.0,kgs,12,,,
2025-01-22,Seated Leg Curl Machine,Legs,50.0,kgs,10,,,
2025-01-22,Leg Extension Machine,Legs,45.0,kgs,12,,,
2025-01-22,Leg Extension Machine,Legs,45.0,kgs,12,,,
2025-01-22,Leg Extension Machine,Legs,45.0,kgs,12,,,
2025-01-24,Swimming,Cardio,,,,750.0,m,0:24:00
2025-01-24,VR workout,Cardio,,,,,,0:18:59
2025-01-25,VR workout,Cardio,,,,,,0:19:41
2025-01-29,VR workout,Cardio,,,,,,0:21:17
2025-01-29,VR workout,Cardio,,,,,,0:18:06
2025-01-31,Walking,Cardio,,,,5.38,km,1:04:00
2025-02-03,VR workout,Cardio,,,,,,0:18:00
2025-02-03,Elliptical Trainer,Cardio,,,,0.0,km,0:21:00
2025-02-03,Seated Leg Curl Machine,Legs,40.0,kgs,12,,,
2025-02-03,Seated Leg Curl Machine,Legs,40.0,kgs,12,,,
2025-02-03,Seated Leg Curl Machine,Legs,45.0,kgs,12,,,
2025-02-03,Leg Extension Machine,Legs,45.0,kgs,12,,,
2025-02-03,Leg Extension Machine,Legs,45.0,kgs,12,,,
2025-02-03,Leg Extension Machine,Legs,45.0,kgs,12,,,
2025-02-03,Pectoral,Chest,40.0,kgs,12,,,
2025-02-03,Pectoral,Chest,45.0,kgs,12,,,
2025-02-03,Pectoral,Chest,45.0,kgs,6,,,
2025-02-03,Pectoral,Chest,47.5,kgs,6,,,
2025-02-03,Pectoral,Chest,30.0,kgs,10,,,
2025-02-05,VR workout,Cardio,,,,,,0:25:00
2025-02-05,Stair Machine,Cardio,,,,,,0:15:36
2025-02-05,Seated Leg Curl Machine,Legs,45.0,kgs,13,,,
2025-02-05,Seated Leg Curl Machine,Legs,45.0,kgs,12,,,
2025-02-05,Seated Leg Curl Machine,Legs,50.0,kgs,12,,,
2025-02-05,Leg Extension Machine,Legs,45.0,kgs,12,,,
2025-02-05,Leg Extension Machine,Legs,50.0,kgs,10,,,
2025-02-05,Farmers Carry,Abs,24.0,kgs,,,,0:02:30
2025-02-06,VR workout,Cardio,,,,,,0:20:00
2025-02-07,VR workout,Cardio,,,,,,0:10:00
2025-02-10,VR workout,Cardio,,,,,,0:44:00
2025-02-11,VR workout,Cardio,,,,,,0:25:00
2025-02-12,Swimming,Cardio,,,,1025.0,m,0:25:00
2025-02-13,Stationary Bike,Cardio,,,,0.0,m,0:15:00
2025-02-14,Walking,Cardio,,,,8.58,km,1:36:09
2025-02-16,Walking,Cardio,,,,6.56,km,1:43:00
2025-02-18,VR workout,Cardio,,,,,,0:25:00
2025-02-19,Swimming,Cardio,,,,1000.0,m,0:26:30
2025-02-23,Stair Machine,Cardio,,,,,,0:10:00
2025-02-23,Seated Leg Curl Machine,Legs,40.0,kgs,12,,,
2025-02-23,Seated Leg Curl Machine,Legs,45.0,kgs,12,,,
2025-02-23,Seated Leg Curl Machine,Legs,45.0,kgs,12,,,
2025-02-23,Leg Extension Machine,Legs,40.0,kgs,12,,,
2025-02-23,Leg Extension Machine,Legs,45.0,kgs,12,,,
2025-02-23,Leg Extension Machine,Legs,45.0,kgs,12,,,
2025-02-23,Leg Press,Legs,66.0,kgs,12,,,
2025-02-23,Leg Press,Legs,73.0,kgs,12,,,
2025-02-23,Leg Press,Legs,79.0,kgs,12,,,
2025-02-23,Pectoral,Chest,40.0,kgs,12,,,
2025-02-23,Pectoral,Chest,45.0,kgs,12,,,
2025-02-23,Pectoral,Chest,45.0,kgs,6,,,
2025-02-23,Pectoral,Chest,50.0,kgs,3,,,
2025-02-24,Squat Bodyweight,Legs,71.0,kgs,20,,,
2025-02-24,VR workout,Cardio,,,,,,0:10:00
2025-02-24,Yoga,Cardio,,,,,,0:12:00
2025-02-25,Walking,Cardio,,,,6.22,km,1:22:00
2025-02-26,Squat Bodyweight,Legs,71.0,kgs,20,,,
2025-03-05,VR workout,Cardio,,,,,,0:23:00
2025-03-05,Stair Machine,Cardio,,,,,,0:10:00
2025-03-05,Pectoral,Chest,40.0,kgs,12,,,
2025-03-05,Pectoral,Chest,40.0,kgs,12,,,
2025-03-05,Pectoral,Chest,40.0,kgs,9,,,
2025-03-05,Incline Dumbbell Bench Press,Chest,24.0,kgs,12,,,
2025-03-05,Incline Dumbbell Bench Press,Chest,24.0,kgs,12,,,
2025-03-05,Incline Dumbbell Bench Press,Chest,24.0,kgs,12,,,
2025-03-05,Seated Leg Curl Machine,Legs,40.0,kgs,12,,,
2025-03-05,Seated Leg Curl Machine,Legs,45.0,kgs,12,,,
2025-03-05,Seated Leg Curl Machine,Legs,50.0,kgs,12,,,
2025-03-05,Elliptical Trainer,Cardio,,,,0.3,km,0:05:00
2025-03-08,Walking,Cardio,,,,6.64,km,1:16:00
2025-03-12,Elliptical Trainer,Cardio,,,,1.0,km,0:20:00
2025-03-12,Seated Leg Curl Machine,Legs,40.0,kgs,15,,,
2025-03-12,Seated Leg Curl Machine,Legs,40.0,kgs,15,,,
2025-03-12,Leg Extension Machine,Legs,40.0,kgs,15,,,
2025-03-12,Leg Extension Machine,Legs,40.0,kgs,15,,,
2025-03-12,Rope Push Down,Triceps,15.0,kgs,12,,,
2025-03-12,Rope Push Down,Triceps,15.0,kgs,12,,,
2025-03-12,Rope Push Down,Triceps,15.0,kgs,12,,,
2025-03-12,Pectoral,Chest,40.0,kgs,12,,,
2025-03-12,Pectoral,Chest,40.0,kgs,12,,,
2025-03-12,Pectoral,Chest,40.0,kgs,5,,,
2025-03-12,Pectoral,Chest,40.0,kgs,5,,,
2025-03-14,Walking,Cardio,,,,6.1,km,1:13:00
2025-03-14,Yoga,Cardio,,,,,,0:10:00
2025-03-14,VR workout,Cardio,,,,,,0:14:40
2025-03-15,VR workout,Cardio,,,,,,0:36:07
2025-03-15,Walking,Cardio,,,,6.09,km,1:06:42
2025-03-16,Walking,Cardio,,,,5.77,km,1:30:00
2025-03-17,Yoga,Cardio,,,,,,0:10:00
2025-03-17,Elliptical Trainer,Cardio,,,,0.8,km,0:15:00
2025-03-17,Incline Dumbbell Bench Press,Chest,20.0,kgs,15,,,
2025-03-17,Incline Dumbbell Bench Press,Chest,20.0,kgs,15,,,
2025-03-17,Incline Dumbbell Bench Press,Chest,28.0,kgs,15,,,
2025-03-17,Lat Pulldown,Back,40.0,kgs,15,,,
2025-03-17,Lat Pulldown,Back,40.0,kgs,15,,,
2025-03-17,T-Bar Row,Back,30.0,kgs,20,,,
2025-03-17,T-Bar Row,Back,30.0,kgs,15,,,
2025-03-19,Squat Bodyweight,Legs,70.0,kgs,20,,,
2025-03-19,Goblet Curl,Biceps,8.0,kgs,20,,,
2025-03-19,One-Arm Standing Dumbbell Press,Shoulders,8.0,kgs,6,,,
2025-03-19,One-Arm Standing Dumbbell Press,Shoulders,8.0,kgs,6,,,
2025-03-22,Elliptical Trainer,Cardio,,,,0.8,km,0:15:00
2025-03-22,Seated Leg Curl Machine,Legs,40.0,kgs,12,,,
2025-03-22,Seated Leg Curl Machine,Legs,40.0,kgs,10,,,
2025-03-22,Seated Leg Curl Machine,Legs,40.0,kgs,12,,,
2025-03-22,Leg Extension Machine,Legs,40.0,kgs,12,,,
2025-03-22,Leg Extension Machine,Legs,40.0,kgs,12,,,
2025-03-22,Leg Extension Machine,Legs,40.0,kgs,12,,,
2025-03-22,Leg Press,Legs,66.0,kgs,12,,,
2025-03-22,Leg Press,Legs,73.0,kgs,12,,,
2025-03-22,Leg Press,Legs,66.0,kgs,12,,,
2025-03-22,Pectoral,Chest,40.0,kgs,10,,,
2025-03-22,Pectoral,Chest,40.0,kgs,12,,,
2025-03-22,Pectoral,Chest,40.0,kgs,8,,,
2025-03-22,Stair Machine,Cardio,,,,,,0:05:00
2025-03-22,Walking,Cardio,,,,6.01,km,1:07:00
2025-03-24,Elliptical Trainer,Cardio,,,,0.8,km,0:15:00
2025-03-24,Pectoral,Chest,40.0,kgs,12,,,
2025-03-24,Pectoral,Chest,40.0,kgs,12,,,
2025-03-24,Pectoral,Chest,40.0,kgs,12,,,
2025-03-24,T-Bar Row,Back,30.0,kgs,12,,,
2025-03-24,T-Bar Row,Back,30.0,kgs,12,,,
2025-03-24,T-Bar Row,Back,30.0,kgs,12,,,
2025-03-24,Rope Push Down,Triceps,12.5,kgs,12,,,
2025-03-24,Rope Push Down,Triceps,12.5,kgs,12,,,
2025-03-24,Rope Push Down,Triceps,12.5,kgs,12,,,
2025-03-24,Single-arm Kettlebell Overhead,Shoulders,8.0,kgs,6,,,
2025-03-24,Single-arm Kettlebell Overhead,Shoulders,8.0,kgs,6,,,
2025-03-24,Single-arm Kettlebell Overhead,Shoulders,8.0,kgs,6,,,
2025-03-24,Single-arm Kettlebell Overhead,Shoulders,8.0,kgs,6,,,
2025-03-26,VR workout,Cardio,,,,,,0:07:30
2025-03-28,Stair Machine,Cardio,,,,,,0:10:00
2025-03-28,Elliptical Trainer,Cardio,,,,1.0,km,0:20:00
2025-03-28,Lat Pulldown Machine,Back,40.0,kgs,12,,,
2025-03-28,Lat Pulldown Machine,Back,45.0,kgs,12,,,
2025-03-28,Lat Pulldown Machine,Back,47.5,kgs,12,,,
2025-03-28,Pectoral,Chest,40.0,kgs,12,,,
2025-03-28,Pectoral,Chest,42.5,kgs,12,,,
2025-03-28,Pectoral,Chest,55.0,kgs,2,,,
2025-03-31,Elliptical Trainer,Cardio,,,,1.0,km,0:20:00
2025-03-31,Single-arm Kettlebell Overhead,Shoulders,8.0,kgs,10,,,
2025-03-31,Single-arm Kettlebell Overhead,Shoulders,8.0,kgs,10,,,
2025-03-31,Single-arm Kettlebell Overhead,Shoulders,8.0,kgs,10,,,
2025-03-31,Single-arm Kettlebell Overhead,Shoulders,8.0,kgs,10,,,
2025-03-31,Kettlebell swing,Legs,8.0,kgs,15,,,
2025-03-31,Seated Leg Curl Machine,Legs,45.0,kgs,12,,,
2025-03-31,Seated Leg Curl Machine,Legs,45.0,kgs,12,,,
2025-03-31,Seated Leg Curl Machine,Legs,50.0,kgs,12,,,
2025-03-31,Leg Extension Machine,Legs,40.0,kgs,12,,,
2025-03-31,Leg Extension Machine,Legs,45.0,kgs,12,,,
2025-03-31,Leg Extension Machine,Legs,45.0,kgs,12,,,
2025-03-31,Seated Incline Dumbbell Curl,Biceps,8.0,kgs,12,,,
2025-03-31,Seated Incline Dumbbell Curl,Biceps,8.0,kgs,13,,,
2025-03-31,Seated Incline Dumbbell Curl,Biceps,16.0,kgs,8,,,
2025-03-31,Incline Dumbbell Bench Press,Chest,20.0,kgs,15,,,
2025-03-31,Incline Dumbbell Bench Press,Chest,20.0,kgs,15,,,
2025-03-31,Dumbbell Overhead Triceps Extension,Triceps,4.0,kgs,6,,,
2025-03-31,Dumbbell Overhead Triceps Extension,Triceps,4.0,kgs,6,,,
2025-03-31,Pectoral,Chest,40.0,kgs,12,,,
2025-03-31,Pectoral,Chest,45.0,kgs,9,,,
2025-03-31,Pectoral,Chest,45.0,kgs,4,,,
2025-03-31,Stair Machine,Cardio,,,,,,0:05:00
2025-04-01,Walking,Cardio,,,,6.01,km,1:13:00
2025-04-02,VR workout,Cardio,,,,,,0:22:34
2025-04-02,Yoga,Cardio,,,,,,0:20:18
2025-04-04,Goblet Curl,Biceps,8.0,kgs,45,,,
2025-04-04,Single-arm Kettlebell Overhead,Shoulders,8.0,kgs,20,,,
2025-04-04,Single-arm Kettlebell Overhead,Shoulders,8.0,kgs,20,,,
2025-04-04,Squat Bodyweight,Legs,70.0,kgs,30,,,
2025-04-05,Elliptical Trainer,Cardio,,,,1.0,km,0:20:00
2025-04-05,Seated Leg Curl Machine,Legs,40.0,kgs,12,,,
2025-04-05,Seated Leg Curl Machine,Legs,45.0,kgs,12,,,
2025-04-05,Seated Leg Curl Machine,Legs,50.0,kgs,12,,,
2025-04-05,Leg Press,Legs,73.0,kgs,12,,,
2025-04-05,Leg Press,Legs,73.0,kgs,12,,,
2025-04-05,Leg Press,Legs,73.0,kgs,12,,,
2025-04-12,Yoga,Cardio,,,,,,0:10:00
2025-04-13,Yoga,Cardio,,,,,,0:15:00
2025-04-24,Elliptical Trainer,Cardio,,,,0.0,km,0:15:00
2025-04-28,Elliptical Trainer,Cardio,,,,0.0,km,0:10:00
2025-05-02,Elliptical Trainer,Cardio,,,,0.8,km,0:15:00
2025-05-02,Pallof Press,Abs,10.0,kgs,10,,,
2025-05-02,Pallof Press,Abs,5.0,kgs,20,,,
2025-05-02,Incline Dumbbell Bench Press,Chest,20.0,kgs,15,,,
2025-05-02,Incline Dumbbell Bench Press,Chest,20.0,kgs,15,,,
2025-05-02,Bodyweight Glute Bridges,Legs,,,15,,,
2025-05-02,Bodyweight Glute Bridges,Legs,,,15,,,
2025-05-02,Bodyweight Glute Bridges,Legs,,,15,,,
2025-05-04,Elliptical Trainer,Cardio,,,,1.28,km,0:25:00
2025-05-04,Pallof Press,Abs,5.0,kgs,15,,,
2025-05-04,Pallof Press,Abs,5.0,kgs,15,,,
2025-05-04,Pallof Press,Abs,5.0,kgs,15,,,
2025-05-04,Pallof Press,Abs,5.0,kgs,15,,,
2025-05-04,Lat Pulldown Close Grip,Back,30.0,kgs,15,,,
2025-05-04,Lat Pulldown Close Grip,Back,30.0,kgs,15,,,
2025-05-04,Lat Pulldown Close Grip,Back,30.0,kgs,15,,,
2025-05-04,Pectoral,Chest,30.0,kgs,15,,,
2025-05-04,Pectoral,Chest,30.0,kgs,15,,,
2025-05-04,Pectoral,Chest,30.0,kgs,15,,,
2025-05-04,Incline Dumbbell Bench Press,Chest,20.0,kgs,15,,,
2025-05-04,Incline Dumbbell Bench Press,Chest,20.0,kgs,15,,,
2025-05-04,Bodyweight Glute Bridges,Legs,,,30,,,
2025-05-04,Bodyweight Glute Bridges,Legs,,,20,,,
2025-05-17,Elliptical Trainer,Cardio,,,,1.53,km,0:30:00
2025-05-17,Lat Pulldown Close Grip,Back,30.0,kgs,15,,,
2025-05-17,Lat Pulldown Close Grip,Back,30.0,kgs,15,,,
2025-05-17,Lat Pulldown Close Grip,Back,30.0,kgs,15,,,
2025-05-17,T-Bar Row,Back,30.0,kgs,15,,,
2025-05-17,T-Bar Row,Back,30.0,kgs,15,,,
2025-05-17,T-Bar Row,Back,30.0,kgs,15,,,
2025-05-17,Bodyweight Glute Bridges,Legs,,,30,,,
2025-05-17,Pallof Press,Abs,6.25,kgs,15,,,
2025-05-17,Pallof Press,Abs,6.25,kgs,15,,,
2025-05-17,Pallof Press,Abs,6.25,kgs,15,,,
2025-05-17,Pallof Press,Abs,6.25,kgs,15,,,
2025-05-17,Pallof Press,Abs,6.25,kgs,15,,,
2025-05-17,Pallof Press,Abs,6.25,kgs,15,,,
2025-05-17,Pectoral,Chest,35.0,kgs,12,,,
2025-05-17,Pectoral,Chest,35.0,kgs,12,,,
2025-05-17,Pectoral,Chest,35.0,kgs,12,,,
2025-05-26,Elliptical Trainer,Cardio,,,,0.78,km,0:15:00
2025-05-26,Pallof Press,Abs,6.25,kgs,15,,,
2025-05-26,Pallof Press,Abs,6.25,kgs,15,,,
2025-05-26,Pallof Press,Abs,6.25,kgs,15,,,
2025-05-26,Pallof Press,Abs,6.25,kgs,15,,,
2025-05-26,Pallof Press,Abs,6.25,kgs,15,,,
2025-05-26,Pallof Press,Abs,6.25,kgs,15,,,
2025-05-26,Incline Dumbbell Bench Press,Chest,20.0,kgs,15,,,
2025-05-26,Incline Dumbbell Bench Press,Chest,20.0,kgs,15,,,
2025-05-29,Elliptical Trainer,Cardio,,,,1.31,km,0:25:00
2025-05-29,Pallof Press,Abs,6.25,kgs,15,,,
2025-05-29,Pallof Press,Abs,6.25,kgs,15,,,
2025-05-29,Pallof Press,Abs,6.25,kgs,15,,,
2025-05-29,Pallof Press,Abs,6.25,kgs,15,,,
2025-05-29,Pallof Press,Abs,6.25,kgs,15,,,
2025-05-29,Pallof Press,Abs,6.25,kgs,15,,,
2025-05-29,Seated Leg Curl Machine,Legs,40.0,kgs,12,,,
2025-05-29,Seated Leg Curl Machine,Legs,40.0,kgs,12,,,
2025-05-29,Pectoral,Chest,35.0,kgs,12,,,
2025-05-29,Pectoral,Chest,40.0,kgs,12,,,
2025-05-29,Pectoral,Chest,40.0,kgs,8,,,
2025-05-29,Incline Dumbbell Bench Press,Chest,20.0,kgs,15,,,
2025-05-29,Incline Dumbbell Bench Press,Chest,20.0,kgs,15,,,
2025-05-29,Incline Dumbbell Bench Press,Chest,24.0,kgs,6,,,
2025-06-06,Elliptical Trainer,Cardio,,,,1.31,km,0:25:00
2025-06-06,Pallof Press,Abs,6.25,kgs,15,,,
2025-06-06,Pallof Press,Abs,6.25,kgs,15,,,
2025-06-06,Pallof Press,Abs,6.25,kgs,15,,,
2025-06-06,Pallof Press,Abs,6.25,kgs,15,,,
2025-06-06,Pallof Press,Abs,6.25,kgs,15,,,
2025-06-06,Pallof Press,Abs,6.25,kgs,15,,,
2025-06-06,Incline Dumbbell Bench Press,Chest,20.0,kgs,15,,,
2025-06-06,Incline Dumbbell Bench Press,Chest,20.0,kgs,15,,,
2025-06-06,Incline Dumbbell Bench Press,Chest,24.0,kgs,12,,,
2025-06-06,Pectoral,Chest,40.0,kgs,10,,,
2025-06-06,Pectoral,Chest,37.5,kgs,10,,,
2025-06-12,Elliptical Trainer,Cardio,,,,0.53,km,0:10:00
2025-06-12,Lat Pulldown Close Grip,Back,35.0,kgs,15,,,
2025-06-12,Lat Pulldown Close Grip,Back,35.0,kgs,15,,,
2025-06-12,Pallof Press,Abs,6.25,kgs,15,,,
2025-06-12,Pallof Press,Abs,6.25,kgs,15,,,
2025-06-12,Pallof Press,Abs,6.25,kgs,15,,,
2025-06-12,Pallof Press,Abs,6.25,kgs,15,,,
2025-06-12,Pectoral,Chest,40.0,kgs,12,,,
2025-06-12,Pectoral,Chest,40.0,kgs,7,,,
2025-06-18,Elliptical Trainer,Cardio,,,,1.09,km,0:20:00
2025-06-18,Pallof Press,Abs,6.25,kgs,15,,,
2025-06-18,Pallof Press,Abs,6.25,kgs,15,,,
2025-06-18,Pallof Press,Abs,6.25,kgs,15,,,
2025-06-18,Pallof Press,Abs,6.25,kgs,15,,,
2025-06-18,Pallof Press,Abs,6.25,kgs,15,,,
2025-06-18,Pallof Press,Abs,6.25,kgs,15,,,
2025-06-18,Incline Dumbbell Bench Press,Chest,20.0,kgs,15,,,
2025-06-18,Incline Dumbbell Bench Press,Chest,20.0,kgs,15,,,
2025-06-18,Incline Dumbbell Bench Press,Chest,20.0,kgs,15,,,
2025-06-18,T-Bar Row,Back,30.0,kgs,15,,,
2025-06-18,T-Bar Row,Back,40.0,kgs,15,,,
2025-06-18,T-Bar Row,Back,40.0,kgs,8,,,
2025-06-18,Chest Press Machine,Chest,40.0,kgs,12,,,
2025-06-18,Seated Leg Curl Machine,Legs,35.0,kgs,15,,,
2025-06-18,Seated Leg Curl Machine,Legs,35.0,kgs,15,,,
2025-06-18,Stair Machine,Cardio,,,,,,0:05:00
2025-06-20,Elliptical Trainer,Cardio,,,,1.06,km,0:20:00
2025-06-20,Bodyweight Glute Bridges,Legs,,,30,,,
2025-06-20,Pallof Press,Abs,6.25,kgs,15,,,
2025-06-20,Pallof Press,Abs,6.25,kgs,15,,,
2025-06-20,Pallof Press,Abs,6.25,kgs,15,,,
2025-06-20,Pallof Press,Abs,6.25,kgs,15,,,
2025-06-20,Pallof Press,Abs,6.25,kgs,15,,,
2025-06-20,Pallof Press,Abs,6.25,kgs,15,,,
2025-06-20,Pectoral,Chest,40.0,kgs,12,,,
2025-06-20,Pectoral,Chest,40.0,kgs,12,,,
2025-06-20,Pectoral,Chest,40.0,kgs,6,,,
2025-06-20,Lat Pulldown Close Grip,Back,35.0,kgs,15,,,
2025-06-20,Lat Pulldown Close Grip,Back,35.0,kgs,20,,,
2025-06-20,Lat Pulldown Close Grip,Back,35.0,kgs,15,,,
2025-06-20,Seated Leg Curl Machine,Legs,40.0,kgs,15,,,
2025-06-20,Seated Leg Curl Machine,Legs,40.0,kgs,15,,,
2025-06-20,Seated Leg Curl Machine,Legs,40.0,kgs,15,,,
2025-06-20,Stair Machine,Cardio,,,,,,0:05:00
2025-06-26,Bodyweight Glute Bridges,Legs,,,30,,,
2025-06-26,Elliptical Trainer,Cardio,,,,1.1,km,0:20:00
2025-06-26,Pectoral,Chest,40.0,kgs,12,,,
2025-06-26,Pectoral,Chest,40.0,kgs,12,,,
2025-06-26,Pectoral,Chest,40.0,kgs,11,,,
2025-06-26,T-Bar Row,Back,30.0,kgs,15,,,
2025-06-26,T-Bar Row,Back,30.0,kgs,15,,,
2025-06-26,Pallof Press,Abs,6.25,kgs,15,,,
2025-06-26,Pallof Press,Abs,6.25,kgs,15,,,
2025-06-26,Pallof Press,Abs,6.25,kgs,15,,,
2025-06-26,Pallof Press,Abs,6.25,kgs,15,,,
2025-06-26,Pallof Press,Abs,7.5,kgs,15,,,
2025-06-26,Pallof Press,Abs,7.5,kgs,15,,,
2025-07-02,Elliptical Trainer,Cardio,,,,0.5,km,0:10:00
2025-07-02,Rowing Machine,Cardio,,,,1000.0,m,0:05:00
2025-07-02,Pallof Press,Abs,6.25,kgs,15,,,
2025-07-02,Pallof Press,Abs,6.25,kgs,15,,,
2025-07-02,Pallof Press,Abs,6.25,kgs,15,,,
2025-07-02,Pallof Press,Abs,6.25,kgs,15,,,
2025-07-02,Pallof Press,Abs,6.25,kgs,15,,,
2025-07-02,Pallof Press,Abs,6.25,kgs,15,,,
2025-07-02,Pectoral,Chest,40.0,kgs,12,,,
2025-07-02,Pectoral,Chest,40.0,kgs,10,,,
2025-07-02,Pectoral,Chest,40.0,kgs,5,,,
2025-07-04,Elliptical Trainer,Cardio,,,,0.51,km,0:10:00
2025-07-06,Elliptical Trainer,Cardio,,,,0.81,km,0:15:00
2025-07-06,Pectoral,Chest,40.0,kgs,12,,,
2025-07-06,Pectoral,Chest,40.0,kgs,12,,,
2025-07-06,Pectoral,Chest,40.0,kgs,12,,,
2025-07-06,Incline Dumbbell Bench Press,Chest,24.0,kgs,15,,,
2025-07-06,Incline Dumbbell Bench Press,Chest,36.0,kgs,8,,,
2025-07-06,Incline Dumbbell Bench Press,Chest,36.0,kgs,6,,,
2025-07-06,T-Bar Row,Back,30.0,kgs,15,,,
2025-07-06,T-Bar Row,Back,30.0,kgs,15,,,
2025-07-06,T-Bar Row,Back,30.0,kgs,15,,,
2025-07-08,VR workout,Cardio,,,,,,0:15:00
2025-07-09,Elliptical Trainer,Cardio,,,,0.53,km,0:10:00
2025-07-09,Pallof Press,Abs,6.25,kgs,15,,,
2025-07-09,Pallof Press,Abs,6.25,kgs,15,,,
2025-07-09,Pallof Press,Abs,6.25,kgs,15,,,
2025-07-09,Pallof Press,Abs,6.25,kgs,15,,,
2025-07-09,Pallof Press,Abs,7.25,kgs,15,,,
2025-07-09,Pallof Press,Abs,7.25,kgs,15,,,
2025-07-09,Pectoral,Chest,40.0,kgs,12,,,
2025-07-09,Pectoral,Chest,40.0,kgs,10,,,
2025-07-09,Pectoral,Chest,40.0,kgs,10,,,